{"cameraMode":{"drawMode":0,"name":"Shaded","section":"Shading Mode"},"sceneLighting":true,"audioPlay":false,"sceneViewState":{"showFog":true,"showMaterialUpdate":false,"showSkybox":true,"showFlares":true,"showImageEffects":true,"showParticleSystems":true},"in2DMode":false,"pivot":{"x":8.631210327148438,"y":25.298891067504884,"z":3.3298873901367189},"rotation":{"x":-0.12102701514959336,"y":0.5345196723937988,"z":-0.07767681032419205,"w":-0.832831084728241},"size":142.51185607910157,"orthographic":false}