{"cameraMode":{"drawMode":0,"name":"Shaded","section":"Shading Mode"},"sceneLighting":false,"audioPlay":false,"sceneViewState":{"showFog":true,"showMaterialUpdate":false,"showSkybox":true,"showFlares":true,"showImageEffects":true,"showParticleSystems":true},"in2DMode":false,"pivot":{"x":4.019999980926514,"y":8.860000610351563,"z":-56.421051025390628},"rotation":{"x":-0.24459311366081239,"y":0.5144921541213989,"z":-0.1559491902589798,"w":-0.8069398403167725},"size":33.53689193725586,"orthographic":false}